young,,,,,,
,,,,,,
,,,,,,
,,,,,,
unrecognizable,,,,,,
,,,,,,
,,,,,,
,,,,,,
,,,,,,
sister,,,,,,
,,,,,,
,,,,,,
,,,,,,
,,,,,,
,,,,,,
,,,,,,
,,,,,,
,,,,,,
real,,,,,,
,,,,,,
,,,,,,
young,,,,,,
noble,,,,,,
,,,,,,
adopted,,,,,,
,,,,,,
,,,,,,
poor,,,,,,
rich,,,,,,
,,,,,,
,,,,,,
attractive,, young],,,,
,,,,,,
,,,,,,
,,,,,,
,,,,,,
,,,,,,
young,, innocent],,,,
widowed,,,,,,
,,,,,,
,,,,,,
,,,,,,
,,,,,,
,,,,,,
,,,,,,
,,,,,,
,,,,,,
,,,,,,
,,,,,,
beautiful,,,,,,
,,,,,,
,,,,,,
,,,,,,
,,,,,,
,,,,,,
young,,,,,,
,,,,,,
,,,,,,
young,,,,,,
,,,,,,
,,,,,,
,,,,,,
,,,,,,
,,,,,,
sister,,,,,,
,,,,,,
blind,,,,,,
,,,,,,
,,,,,,
,,,,,,
,,,,,,
,,,,,,
young,,,,,,
,,,,,,
young,,,,,,
,,,,,,
mysterious,,,,,,
,,,,,,
,,,,,,
,,,,,,
,,,,,,
,,,,,,
,,,,,,
,,,,,,
,,,,,,
,,,,,,
,,,,,,
,,,,,,
,,,,,,
,,,,,,
,,,,,,
young,,,,,,
,,,,,,
,,,,,,
,,,,,,
,,,,,,
,,,,,,
,,,,,,
,,,,,,
deceased,,,,,,
,,,,,,
,,,,,,
,,,,,,
,,,,,,
,,,,,,
,,,,,,
,,,,,,
,,,,,,
,,,,,,
leading,,,,,,
,,,,,,
,,,,,,
,,,,,,
,,,,,,
,,,,,,
,,,,,,
,,,,,,
,,,,,,
young,,,,,,
,,,,,,
,,,,,,
,,,,,,
,,,,,,
,,,,,,
disastrous,,,,,,
,,,,,,
beautiful,,,,,,
,,,,,,
,,,,,,
,,,,,,
,,,,,,
,,,,,,
rich,,,,,,
beautiful,,,,,,
followers,,,,,,
,,,,,,
,,,,,,
,,,,,,
violent,,,,,,
beautiful,, young, married],,,
innocent,,,,,,
widowed,,,,,,
,,,,,,
,,,,,,
aged,,,,,,
marrying,,,,,,
,,,,,,
,,,,,,
,,,,,,
,,,,,,
,,,,,,
,,,,,,
,,,,,,
young,,,,,,
younger,,,,,,
,,,,,,
,,,,,,
,,,,,,
,,,,,,
young,,,,,,
,,,,,,
,,,,,,
rich,, spoiled],,,,
,,,,,,
,,,,,,
,,,,,,
young,,,,,,
,,,,,,
,,,,,,
,,,,,,
,,,,,,
,,,,,,
blind,, young],,,,
,,,,,,
young,,,,,,
young,,,,,,
,,,,,,
,,,,,,
,,,,,,
,,,,,,
,,,,,,
,,,,,,
patriotic,, unaware],,,,
,,,,,,
,,,,,,
dumb,,,,,,
wealthy,,,,,,
ailing,,,,,,
beautiful,, young],,,,
,,,,,,
,,,,,,
,,,,,,
,,,,,,
,,,,,,
,,,,,,
rich,,,,,,
,,,,,,
,,,,,,
,,,,,,
niece,,,,,,
,,,,,,
,,,,,,
,,,,,,
,,,,,,
young,,,,,,
,,,,,,
,,,,,,
,,,,,,
beautiful,, young],,,,
Handsome,,,,,,
,,,,,,
,,,,,,
,,,,,,
,,,,,,
young,, poor],,,,
,,,,,,
,,,,,,
,,,,,,
,,,,,,
,,,,,,
,,,,,,
teenage,, widowed],,,,
,,,,,,
,,,,,,
widowed,,,,,,
young,,,,,,
,,,,,,
,,,,,,
,,,,,,
,,,,,,
sick,,,,,,
,,,,,,
young,,,,,,
,,,,,,
,,,,,,
,,,,,,
drunk,,,,,,
,,,,,,
,,,,,,
,,,,,,
,,,,,,
,,,,,,
,,,,,,
,,,,,,
,,,,,,
,,,,,,
,,,,,,
,,,,,,
young,,,,,,
young,,,,,,
,,,,,,
,,,,,,
,,,,,,
,,,,,,
maiden,,,,,,
dominating,,,,,,
Christian,,,,,,
,,,,,,
,,,,,,
,,,,,,
,,,,,,
,,,,,,
,,,,,,
,,,,,,
refined,,,,,,
,,,,,,
,,,,,,
,,,,,,
,,,,,,
,,,,,,
,,,,,,
,,,,,,
,,,,,,
young,,,,,,
,,,,,,
,,,,,,
poor,,,,,,
,,,,,,
,,,,,,
,,,,,,
,,,,,,
young,,,,,,
,,,,,,
,,,,,,
reclusive,,,,,,
talkative,, feisty, young],,,
,,,,,,
,,,,,,
,,,,,,
,,,,,,
,,,,,,
,,,,,,
,,,,,,
,,,,,,
,,,,,,
unmarried,,,,,,
,,,,,,
lovely,, young],,,,
devastated,,,,,,
,,,,,,
,,,,,,
,,,,,,
old,,,,,,
,,,,,,
,,,,,,
,,,,,,
,,,,,,
,,,,,,
,,,,,,
Harijan,, local],,,,
feisty,, young],,,,
,,,,,,
,,,,,,
,,,,,,
,,,,,,
,,,,,,
,,,,,,
rich,,,,,,
,,,,,,
,,,,,,
,,,,,,
unmarried,,,,,,
,,,,,,
,,,,,,
wealthy,,,,,,
,,,,,,
,,,,,,
,,,,,,
,,,,,,
,,,,,,
poor,,,,,,
,,,,,,
,,,,,,
arrogant,,,,,,
,,,,,,
,,,,,,
,,,,,,
,,,,,,
,,,,,,
biological,,,,,,
penniless,,,,,,
,,,,,,
,,,,,,
,,,,,,
beautiful,, poor],,,,
grandchild,,,,,,
,,,,,,
lost,,,,,,
,,,,,,
uptight,,,,,,
,,,,,,
unhappy,,,,,,
,,,,,,
,,,,,,
,,,,,,
,,,,,,
,,,,,,
,,,,,,
young,,,,,,
scheming,,,,,,
illiterate,,,,,,
,,,,,,
modern,, delightful, soft],,,
,,,,,,
,,,,,,
,,,,,,
,,,,,,
,,,,,,
,,,,,,
young,,,,,,
,,,,,,
,,,,,,
old,,,,,,
,,,,,,
,,,,,,
,,,,,,
,,,,,,
,,,,,,
,,,,,,
,,,,,,
,,,,,,
,,,,,,
old,,,,,,
,,,,,,
,,,,,,
,,,,,,
,,,,,,
,,,,,,
,,,,,,
Muslim,,,,,,
,,,,,,
good,,,,,,
,,,,,,
,,,,,,
good,,,,,,
,,,,,,
princess,,,,,,
ill,,,,,,
,,,,,,
,,,,,,
young,,,,,,
,,,,,,
,,,,,,
shattered,,,,,,
,,,,,,
,,,,,,
ailing,,,,,,
old,,,,,,
,,,,,,
,,,,,,
religious,,,,,,
,,,,,,
separated,,,,,,
,,,,,,
,,,,,,
aristocratic,,,,,,
,,,,,,
,,,,,,
,,,,,,
,,,,,,
,,,,,,
Muslim,,,,,,
young,,,,,,
,,,,,,
,,,,,,
,,,,,,
,,,,,,
,,,,,,
,,,,,,
,,,,,,
wealthy,,,,,,
,,,,,,
,,,,,,
general,,,,,,
,,,,,,
,,,,,,
,,,,,,
orphan,,,,,,
,,,,,,
lovely,,,,,,
,,,,,,
,,,,,,
beautiful,,,,,,
,,,,,,
,,,,,,
,,,,,,
,,,,,,
,,,,,,
,,,,,,
,,,,,,
,,,,,,
sister,,,,,,
,,,,,,
,,,,,,
wealthy,, gorgeous],,,,
,,,,,,
,,,,,,
,,,,,,
,,,,,,
,,,,,,
,,,,,,
,,,,,,
,,,,,,
,,,,,,
Kind,,,,,,
,,,,,,
,,,,,,
,,,,,,
,,,,,,
,,,,,,
,,,,,,
rich,,,,,,
,,,,,,
,,,,,,
,,,,,,
,,,,,,
,,,,,,
arrogant,, prospective],,,,
young,,,,,,
frantic,,,,,,
wealthy,,,,,,
unmarried,,,,,,
,,,,,,
,,,,,,
,,,,,,
,,,,,,
young,,,,,,
beautiful,, young],,,,
,,,,,,
,,,,,,
,,,,,,
,,,,,,
,,,,,,
common,, adopted],,,,
pregnant,,,,,,
grieving,,,,,,
little,,,,,,
,,,,,,
mortally,, wounded],,,,
pregnant,,,,,,
young,, simple],,,,
,,,,,,
,,,,,,
hapless,,,,,,
,,,,,,
sick,,,,,,
,,,,,,
,,,,,,
,,,,,,
,,,,,,
,,,,,,
,,,,,,
,,,,,,
,,,,,,
,,,,,,
rich,,,,,,
,,,,,,
playful,,,,,,
unpolished,,,,,,
,,,,,,
,,,,,,
,,,,,,
,,,,,,
,,,,,,
,,,,,,
,,,,,,
,,,,,,
,,,,,,
conservative,, deranged],,,,
,,,,,,
,,,,,,
,,,,,,
,,,,,,
,,,,,,
young,,,,,,
,,,,,,
,,,,,,
,,,,,,
,,,,,,
,,,,,,
new,,,,,,
,,,,,,
,,,,,,
,,,,,,
,,,,,,
niece,,,,,,
,,,,,,
,,,,,,
,,,,,,
,,,,,,
,,,,,,
,,,,,,
,,,,,,
,,,,,,
,,,,,,
,,,,,,
,,,,,,
,,,,,,
,,,,,,
,,,,,,
,,,,,,
little,,,,,,
little,,,,,,
,,,,,,
,,,,,,
,,,,,,
,,,,,,
,,,,,,
,,,,,,
,,,,,,
,,,,,,
,,,,,,
,,,,,,
Sushil,,,,,,
,,,,,,
,,,,,,
,,,,,,
,,,,,,
,,,,,,
,,,,,,
,,,,,,
,,,,,,
,,,,,,
,,,,,,
,,,,,,
,,,,,,
lovely,, pregnant],,,,
attractive,,,,,,
,,,,,,
,,,,,,
cultured,,,,,,
,,,,,,
,,,,,,
,,,,,,
beautiful,,,,,,
,,,,,,
,,,,,,
widowed,,,,,,
,,,,,,
poor,,,,,,
,,,,,,
,,,,,,
,,,,,,
,,,,,,
,,,,,,
young,,,,,,
,,,,,,
,,,,,,
,,,,,,
young,,,,,,
,,,,,,
,,,,,,
,,,,,,
,,,,,,
,,,,,,
,,,,,,
,,,,,,
,,,,,,
,,,,,,
,,,,,,
,,,,,,
,,,,,,
,,,,,,
,,,,,,
,,,,,,
,,,,,,
,,,,,,
,,,,,,
,,,,,,
,,,,,,
,,,,,,
,,,,,,
,,,,,,
,,,,,,
,,,,,,
,,,,,,
,,,,,,
pretty,,,,,,
,,,,,,
,,,,,,
,,,,,,
,,,,,,
,,,,,,
young,,,,,,
,,,,,,
,,,,,,
rich,,,,,,
,,,,,,
,,,,,,
young,,,,,,
,,,,,,
,,,,,,
,,,,,,
,,,,,,
,,,,,,
elder,,,,,,
,,,,,,
beautiful,, young],,,,
,,,,,,
,,,,,,
,,,,,,
intelligent,,,,,,
old,,,,,,
,,,,,,
middle,,,,,,
,,,,,,
,,,,,,
,,,,,,
,,,,,,
bandit,,,,,,
teenage,,,,,,
orphan,,,,,,
,,,,,,
,,,,,,
,,,,,,
,,,,,,
,,,,,,
,,,,,,
new,,,,,,
,,,,,,
pretty,,,,,,
,,,,,,
,,,,,,
,,,,,,
,,,,,,
,,,,,,
,,,,,,
lively,, young],,,,
,,,,,,
,,,,,,
young,,,,,,
sister,,,,,,
,,,,,,
lovely,,,,,,
conservative,,,,,,
,,,,,,
,,,,,,
,,,,,,
,,,,,,
,,,,,,
beautiful,, young],,,,
,,,,,,
,,,,,,
,,,,,,
,,,,,,
,,,,,,
beautiful,, ugly],,,,
,,,,,,
,,,,,,
,,,,,,
beautiful,, young],,,,
,,,,,,
,,,,,,
,,,,,,
,,,,,,
wealthy,,,,,,
,,,,,,
,,,,,,
,,,,,,
,,,,,,
embarrassing,,,,,,
,,,,,,
,,,,,,
,,,,,,
,,,,,,
,,,,,,
,,,,,,
,,,,,,
,,,,,,
,,,,,,
,,,,,,
,,,,,,
,,,,,,
frantic,,,,,,
,,,,,,
traditional,, Indian, unaware],,,
,,,,,,
,,,,,,
,,,,,,
,,,,,,
,,,,,,
insensitive,,,,,,
,,,,,,
,,,,,,
,,,,,,
,,,,,,
widowed,,,,,,
,,,,,,
,,,,,,
young,, dynamic],,,,
,,,,,,
modern,, young, worthy, nameless],,
,,,,,,
,,,,,,
sexy,,,,,,
,,,,,,
little,,,,,,
,,,,,,
,,,,,,
,,,,,,
,,,,,,
,,,,,,
,,,,,,
,,,,,,
,,,,,,
young,,,,,,
,,,,,,
illegitimate,,,,,,
,,,,,,
long,,,,,,
sister,,,,,,
,,,,,,
,,,,,,
famous,,,,,,
,,,,,,
arrogant,, spoiled],,,,
,,,,,,
poor,,,,,,
,,,,,,
attractive,,,,,,
,,,,,,
,,,,,,
,,,,,,
modern,, young],,,,
,,,,,,
,,,,,,
,,,,,,
,,,,,,
,,,,,,
,,,,,,
rich,,,,,,
,,,,,,
pretty,,,,,,
,,,,,,
,,,,,,
,,,,,,
,,,,,,
,,,,,,
,,,,,,
,,,,,,
,,,,,,
,,,,,,
,,,,,,
,,,,,,
privileged,,,,,,
,,,,,,
,,,,,,
,,,,,,
pregnant,,,,,,
,,,,,,
,,,,,,
aged,,,,,,
,,,,,,
,,,,,,
,,,,,,
Dhanraj,,,,,,
poor,,,,,,
,,,,,,
,,,,,,
,,,,,,
,,,,,,
,,,,,,
pregnant,,,,,,
,,,,,,
,,,,,,
,,,,,,
,,,,,,
widowed,,,,,,
,,,,,,
budding,,,,,,
,,,,,,
,,,,,,
,,,,,,
lovely,, attractive, young],,,
,,,,,,
,,,,,,
,,,,,,
,,,,,,
,,,,,,
,,,,,,
unmarried,,,,,,
retarded,,,,,,
,,,,,,
,,,,,,
fashionable,,,,,,
famous,,,,,,
,,,,,,
innocent,,,,,,
,,,,,,
,,,,,,
,,,,,,
,,,,,,
,,,,,,
,,,,,,
rich,,,,,,
,,,,,,
,,,,,,
similar,,,,,,
secrets,,,,,,
,,,,,,
beautiful,,,,,,
motherless,,,,,,
,,,,,,
new,,,,,,
fellow,,,,,,
arrogant,,,,,,
Kishen,,,,,,
father,, drunkard],,,,
,,,,,,
,,,,,,
,,,,,,
,,,,,,
,,,,,,
,,,,,,
,,,,,,
,,,,,,
teenaged,,,,,,
,,,,,,
,,,,,,
,,,,,,
,,,,,,
fellow,, retired],,,,
reluctant,,,,,,
,,,,,,
penniless,,,,,,
,,,,,,
debutante,,,,,,
arrogant,, young],,,,
valiant,,,,,,
,,,,,,
,,,,,,
,,,,,,
,,,,,,
unknown,,,,,,
,,,,,,
,,,,,,
,,,,,,
,,,,,,
,,,,,,
,,,,,,
guilty,,,,,,
,,,,,,
intelligent,,,,,,
,,,,,,
,,,,,,
pregnant,,,,,,
ideal,,,,,,
,,,,,,
holy,,,,,,
,,,,,,
,,,,,,
,,,,,,
beautiful,,,,,,
,,,,,,
old,, ailing],,,,
,,,,,,
,,,,,,
,,,,,,
,,,,,,
,,,,,,
,,,,,,
,,,,,,
,,,,,,
,,,,,,
,,,,,,
,,,,,,
,,,,,,
,,,,,,
,,,,,,
beautiful,, young],,,,
,,,,,,
,,,,,,
little,,,,,,
,,,,,,
,,,,,,
,,,,,,
dumb,,,,,,
sweet,,,,,,
,,,,,,
pregnant,,,,,,
,,,,,,
challenged,,,,,,
returned,, foreign],,,,
,,,,,,
poor,, orphan],,,,
beautiful,,,,,,
,,,,,,
,,,,,,
,,,,,,
,,,,,,
,,,,,,
,,,,,,
,,,,,,
,,,,,,
,,,,,,
,,,,,,
,,,,,,
adamant,, impulsive],,,,
,,,,,,
,,,,,,
,,,,,,
,,,,,,
,,,,,,
,,,,,,
,,,,,,
,,,,,,
,,,,,,
,,,,,,
,,,,,,
,,,,,,
notorious,,,,,,
young,,,,,,
,,,,,,
,,,,,,
,,,,,,
,,,,,,
,,,,,,
,,,,,,
,,,,,,
,,,,,,
,,,,,,
,,,,,,
cheap,,,,,,
,,,,,,
,,,,,,
young,,,,,,
,,,,,,
,,,,,,
,,,,,,
,,,,,,
caring,,,,,,
,,,,,,
,,,,,,
little,,,,,,
,,,,,,
,,,,,,
devoted,,,,,,
,,,,,,
,,,,,,
,,,,,,
domineering,,,,,,
,,,,,,
,,,,,,
young,,,,,,
little,,,,,,
,,,,,,
,,,,,,
sister,,,,,,
,,,,,,
,,,,,,
frantic,,,,,,
,,,,,,
,,,,,,
,,,,,,
,,,,,,
suitable,,,,,,
,,,,,,
biological,,,,,,
,,,,,,
,,,,,,
biological,,,,,,
attractive,, young],,,,
,,,,,,
,,,,,,
,,,,,,
,,,,,,
niece,,,,,,
beautiful,, young, little],,,
,,,,,,
hideous,,,,,,
little,,,,,,
lovely,, beautiful, young],,,
,,,,,,
little,,,,,,
,,,,,,
,,,,,,
,,,,,,
young,, poor],,,,
pretty,,,,,,
,,,,,,
,,,,,,
lovely,, young],,,,
pregnant,,,,,,
,,,,,,
,,,,,,
aged,,,,,,
compatible,,,,,,
,,,,,,
widowed,,,,,,
beautiful,,,,,,
,,,,,,
,,,,,,
,,,,,,
,,,,,,
wealthy,,,,,,
,,,,,,
,,,,,,
,,,,,,
,,,,,,
,,,,,,
,,,,,,
,,,,,,
,,,,,,
,,,,,,
,,,,,,
,,,,,,
,,,,,,
unaware,,,,,,
pragmatic,,,,,,
,,,,,,
,,,,,,
,,,,,,
young,,,,,,
,,,,,,
,,,,,,
,,,,,,
,,,,,,
,,,,,,
,,,,,,
,,,,,,
,,,,,,
,,,,,,
,,,,,,
,,,,,,
,,,,,,
,,,,,,
,,,,,,
,,,,,,
,,,,,,
,,,,,,
,,,,,,
new,, modest],,,,
,,,,,,
,,,,,,
beautiful,,,,,,
,,,,,,
,,,,,,
evil,, strange],,,,
,,,,,,
young,, undercover],,,,
young,, rich],,,,
beautiful,,,,,,
,,,,,,
,,,,,,
,,,,,,
old,, tempered, short, aggressive],,
,,,,,,
,,,,,,
lazy,,,,,,
,,,,,,
,,,,,,
,,,,,,
,,,,,,
,,,,,,
,,,,,,
,,,,,,
,,,,,,
,,,,,,
,,,,,,
,,,,,,
,,,,,,
,,,,,,
,,,,,,
,,,,,,
,,,,,,
,,,,,,
young,,,,,,
,,,,,,
,,,,,,
,,,,,,
,,,,,,
,,,,,,
,,,,,,
,,,,,,
,,,,,,
single,,,,,,
unconventional,,,,,,
,,,,,,
powerful,,,,,,
,,,,,,
sister,,,,,,
,,,,,,
,,,,,,
young,, dead],,,,
weekly,,,,,,
,,,,,,
,,,,,,
,,,,,,
good,,,,,,
,,,,,,
ill,,,,,,
ill,,,,,,
working,, simple],,,,
single,,,,,,
,,,,,,
married,,,,,,
,,,,,,
,,,,,,
,,,,,,
widowed,,,,,,
,,,,,,
,,,,,,
,,,,,,
,,,,,,
,,,,,,
,,,,,,
,,,,,,
,,,,,,
,,,,,,
pregnant,,,,,,
native,,,,,,
,,,,,,
,,,,,,
successful,,,,,,
,,,,,,
,,,,,,
,,,,,,
,,,,,,
,,,,,,
,,,,,,
adopted,,,,,,
,,,,,,
young,,,,,,
saintly,,,,,,
,,,,,,
,,,,,,
tough,,,,,,
,,,,,,
,,,,,,
,,,,,,
young,,,,,,
beautiful,,,,,,
,,,,,,
,,,,,,
,,,,,,
,,,,,,
,,,,,,
beautiful,,,,,,
,,,,,,
,,,,,,
,,,,,,
,,,,,,
late,,,,,,
,,,,,,
,,,,,,
,,,,,,
,,,,,,
,,,,,,
young,,,,,,
,,,,,,
,,,,,,
,,,,,,
,,,,,,
,,,,,,
young,,,,,,
,,,,,,
,,,,,,
,,,,,,
,,,,,,
,,,,,,
old,,,,,,
,,,,,,
Brahmin,, young, unmarried],,,
biological,,,,,,
,,,,,,
dead,,,,,,
,,,,,,
,,,,,,
,,,,,,
,,,,,,
,,,,,,
,,,,,,
,,,,,,
,,,,,,
,,,,,,
,,,,,,
,,,,,,
,,,,,,
,,,,,,
,,,,,,
,,,,,,
,,,,,,
,,,,,,
,,,,,,
,,,,,,
,,,,,,
,,,,,,
young,,,,,,
,,,,,,
,,,,,,
,,,,,,
,,,,,,
rich,, spoiled],,,,
,,,,,,
rude,,,,,,
,,,,,,
,,,,,,
young,,,,,,
,,,,,,
,,,,,,
,,,,,,
local,,,,,,
,,,,,,
,,,,,,
,,,,,,
,,,,,,
unknown,,,,,,
,,,,,,
,,,,,,
,,,,,,
grown,,,,,,
,,,,,,
,,,,,,
,,,,,,
,,,,,,
,,,,,,
,,,,,,
,,,,,,
,,,,,,
,,,,,,
,,,,,,
,,,,,,
,,,,,,
old,,,,,,
,,,,,,
beautiful,, young],,,,
,,,,,,
,,,,,,
new,,,,,,
,,,,,,
,,,,,,
,,,,,,
,,,,,,
,,,,,,
,,,,,,
,,,,,,
beautiful,,,,,,
old,,,,,,
,,,,,,
,,,,,,
beautiful,,,,,,
,,,,,,
lovely,,,,,,
,,,,,,
,,,,,,
simple,,,,,,
old,,,,,,
,,,,,,
,,,,,,
,,,,,,
,,,,,,
,,,,,,
,,,,,,
,,,,,,
,,,,,,
,,,,,,
,,,,,,
,,,,,,
,,,,,,
grown,,,,,,
precocious,, young],,,,
,,,,,,
,,,,,,
wealthy,,,,,,
,,,,,,
,,,,,,
,,,,,,
,,,,,,
,,,,,,
,,,,,,
poor,,,,,,
,,,,,,
poor,,,,,,
young,,,,,,
,,,,,,
,,,,,,
,,,,,,
,,,,,,
,,,,,,
newborn,,,,,,
innocent,,,,,,
,,,,,,
,,,,,,
,,,,,,
,,,,,,
,,,,,,
,,,,,,
,,,,,,
,,,,,,
,,,,,,
,,,,,,
,,,,,,
,,,,,,
,,,,,,
,,,,,,
,,,,,,
,,,,,,
,,,,,,
,,,,,,
,,,,,,
glitzy,,,,,,
deceased,,,,,,
bubbly,,,,,,
,,,,,,
lovely,, young],,,,
evil,,,,,,
innocent,,,,,,
,,,,,,
,,,,,,
,,,,,,
,,,,,,
,,,,,,
,,,,,,
,,,,,,
,,,,,,
,,,,,,
young,,,,,,
,,,,,,
,,,,,,
,,,,,,
,,,,,,
,,,,,,
,,,,,,
,,,,,,
secret,,,,,,
,,,,,,
snobby,,,,,,
younger,, elder, little],,,
,,,,,,
,,,,,,
,,,,,,
,,,,,,
,,,,,,
successful,,,,,,
,,,,,,
traditional,,,,,,
,,,,,,
sympathetic,,,,,,
,,,,,,
quarrelsome,,,,,,
,,,,,,
,,,,,,
,,,,,,
sister,,,,,,
young,,,,,,
,,,,,,
,,,,,,
,,,,,,
,,,,,,
great,,,,,,
,,,,,,
,,,,,,
,,,,,,
,,,,,,
,,,,,,
,,,,,,
,,,,,,
,,,,,,
new,, amnesiac],,,,
,,,,,,
,,,,,,
widowed,,,,,,
,,,,,,
,,,,,,
,,,,,,
,,,,,,
poor,,,,,,
,,,,,,
,,,,,,
wealthy,,,,,,
,,,,,,
,,,,,,
effervescent,,,,,,
,,,,,,
,,,,,,
,,,,,,
,,,,,,
,,,,,,
,,,,,,
,,,,,,
,,,,,,
,,,,,,
acclaimed,,,,,,
,,,,,,
,,,,,,
young,,,,,,
,,,,,,
,,,,,,
illegitimate,,,,,,
,,,,,,
,,,,,,
,,,,,,
,,,,,,
sad,,,,,,
,,,,,,
,,,,,,
young,, teenage],,,,
,,,,,,
,,,,,,
poor,,,,,,
,,,,,,
,,,,,,
injured,, young],,,,
,,,,,,
,,,,,,
,,,,,,
,,,,,,
,,,,,,
,,,,,,
,,,,,,
,,,,,,
,,,,,,
,,,,,,
sister,,,,,,
,,,,,,
,,,,,,
,,,,,,
,,,,,,
,,,,,,
,,,,,,
,,,,,,
,,,,,,
,,,,,,
,,,,,,
teenage,,,,,,
dead,,,,,,
,,,,,,
,,,,,,
,,,,,,
,,,,,,
,,,,,,
,,,,,,
,,,,,,
,,,,,,
,,,,,,
,,,,,,
,,,,,,
,,,,,,
presumed,,,,,,
,,,,,,
,,,,,,
,,,,,,
,,,,,,
,,,,,,
beautiful,, rich],,,,
rich,,,,,,
,,,,,,
,,,,,,
,,,,,,
,,,,,,
promiscuous,, elderly, dignified],,,
,,,,,,
,,,,,,
beloved,,,,,,
,,,,,,
,,,,,,
,,,,,,
rich,,,,,,
,,,,,,
,,,,,,
new,,,,,,
,,,,,,
,,,,,,
,,,,,,
,,,,,,
,,,,,,
,,,,,,
,,,,,,
single,,,,,,
,,,,,,
,,,,,,
insane,,,,,,
,,,,,,
,,,,,,
,,,,,,
,,,,,,
,,,,,,
,,,,,,
beautiful,,,,,,
,,,,,,
,,,,,,
sister,,,,,,
,,,,,,
,,,,,,
,,,,,,
,,,,,,
young,, innocent],,,,
,,,,,,
,,,,,,
,,,,,,
,,,,,,
,,,,,,
,,,,,,
snaky,,,,,,
unable,, happy, authentic, missing, pure, good]
equal,,,,,,
,,,,,,
,,,,,,
,,,,,,
little,,,,,,
,,,,,,
,,,,,,
,,,,,,
,,,,,,
ambitious,, young, rich],,,
,,,,,,
,,,,,,
,,,,,,
,,,,,,
,,,,,,
,,,,,,
,,,,,,
,,,,,,
,,,,,,
respectable,,,,,,
,,,,,,
,,,,,,
wannabe,,,,,,
,,,,,,
mysterious,,,,,,
,,,,,,
little,,,,,,
,,,,,,
,,,,,,
,,,,,,
,,,,,,
,,,,,,
,,,,,,
,,,,,,
,,,,,,
,,,,,,
,,,,,,
,,,,,,
,,,,,,
compassionate,,,,,,
,,,,,,
grand,,,,,,
,,,,,,
,,,,,,
young,,,,,,
,,,,,,
,,,,,,
beautiful,, young],,,,
beautiful,, simple],,,,
unable,,,,,,
,,,,,,
,,,,,,
,,,,,,
motherly,,,,,,
,,,,,,
,,,,,,
,,,,,,
,,,,,,
clumsy,,,,,,
,,,,,,
,,,,,,
,,,,,,
,,,,,,
local,, Muslim],,,,
,,,,,,
rich,,,,,,
,,,,,,
,,,,,,
,,,,,,
,,,,,,
American,,,,,,
,,,,,,
,,,,,,
,,,,,,
rich,,,,,,
,,,,,,
secret,,,,,,
,,,,,,
,,,,,,
young,,,,,,
,,,,,,
,,,,,,
,,,,,,
,,,,,,
following,,,,,,
,,,,,,
,,,,,,
modern,,,,,,
,,,,,,
,,,,,,
loving,,,,,,
,,,,,,
,,,,,,
,,,,,,
,,,,,,
,,,,,,
biological,,,,,,
adopted,,,,,,
,,,,,,
,,,,,,
,,,,,,
sister,,,,,,
,,,,,,
,,,,,,
,,,,,,
,,,,,,
,,,,,,
,,,,,,
,,,,,,
,,,,,,
hardworking,,,,,,
,,,,,,
,,,,,,
,,,,,,
,,,,,,
,,,,,,
,,,,,,
,,,,,,
beautiful,,,,,,
beloved,,,,,,
,,,,,,
,,,,,,
,,,,,,
old,,,,,,
French,, blonde, hermit],,,
,,,,,,
,,,,,,
,,,,,,
young,,,,,,
,,,,,,
,,,,,,
beautiful,,,,,,
simple,,,,,,
,,,,,,
,,,,,,
,,,,,,
,,,,,,
,,,,,,
,,,,,,
,,,,,,
,,,,,,
desirable,,,,,,
,,,,,,
,,,,,,
Jais,,,,,,
,,,,,,
beautiful,,,,,,
,,,,,,
,,,,,,
,,,,,,
,,,,,,
curious,, persistent, compassionate],,,
,,,,,,
,,,,,,
,,,,,,
young,, idealistic],,,,
young,,,,,,
,,,,,,
,,,,,,
,,,,,,
,,,,,,
,,,,,,
beautiful,,,,,,
young,,,,,,
,,,,,,
,,,,,,
,,,,,,
sister,,,,,,
,,,,,,
lonely,,,,,,
,,,,,,
,,,,,,
young,,,,,,
,,,,,,
,,,,,,
,,,,,,
impoverished,,,,,,
,,,,,,
,,,,,,
,,,,,,
,,,,,,
,,,,,,
,,,,,,
,,,,,,
distressed,, pregnant],,,,
,,,,,,
,,,,,,
,,,,,,
,,,,,,
,,,,,,
,,,,,,
blind,,,,,,
,,,,,,
young,, vivacious],,,,
,,,,,,
,,,,,,
second,,,,,,
young,,,,,,
,,,,,,
,,,,,,
,,,,,,
,,,,,,
,,,,,,
,,,,,,
pregnant,,,,,,
,,,,,,
innocent,,,,,,
,,,,,,
,,,,,,
,,,,,,
twin,,,,,,
,,,,,,
,,,,,,
,,,,,,
,,,,,,
,,,,,,
,,,,,,
,,,,,,
,,,,,,
,,,,,,
,,,,,,
,,,,,,
second,,,,,,
suicidal,, heartbroken, pregnant],,,
,,,,,,
,,,,,,
,,,,,,
wealthy,, playboy],,,,
,,,,,,
,,,,,,
,,,,,,
,,,,,,
,,,,,,
,,,,,,
old,,,,,,
,,,,,,
rich,,,,,,
beautiful,,,,,,
,,,,,,
,,,,,,
,,,,,,
young,,,,,,
deceased,,,,,,
,,,,,,
,,,,,,
,,,,,,
,,,,,,
,,,,,,
,,,,,,
,,,,,,
,,,,,,
wealthy,,,,,,
,,,,,,
,,,,,,
,,,,,,
surrogate,,,,,,
,,,,,,
pregnant,,,,,,
,,,,,,
old,,,,,,
American,,,,,,
,,,,,,
,,,,,,
pretty,,,,,,
,,,,,,
,,,,,,
,,,,,,
greedy,,,,,,
,,,,,,
,,,,,,
,,,,,,
,,,,,,
Muslim,,,,,,
,,,,,,
,,,,,,
,,,,,,
,,,,,,
,,,,,,
vivacious,,,,,,
,,,,,,
,,,,,,
,,,,,,
,,,,,,
young,,,,,,
,,,,,,
,,,,,,
,,,,,,
,,,,,,
,,,,,,
,,,,,,
,,,,,,
,,,,,,
sister,,,,,,
,,,,,,
,,,,,,
,,,,,,
,,,,,,
,,,,,,
,,,,,,
,,,,,,
,,,,,,
young,,,,,,
,,,,,,
,,,,,,
,,,,,,
,,,,,,
,,,,,,
rich,,,,,,
mysterious,,,,,,
reluctant,,,,,,
,,,,,,
innocent,,,,,,
right,,,,,,
skeptical,,,,,,
,,,,,,
,,,,,,
,,,,,,
tribal,,,,,,
,,,,,,
,,,,,,
white,,,,,,
,,,,,,
,,,,,,
,,,,,,
,,,,,,
,,,,,,
,,,,,,
,,,,,,
,,,,,,
,,,,,,
popular,,,,,,
loving,, young, fun],,,
biological,, real],,,,
aware,,,,,,
real,,,,,,
,,,,,,
,,,,,,
,,,,,,
,,,,,,
married,,,,,,
,,,,,,
,,,,,,
,,,,,,
,,,,,,
,,,,,,
widowed,,,,,,
,,,,,,
,,,,,,
,,,,,,
,,,,,,
,,,,,,
,,,,,,
,,,,,,
,,,,,,
,,,,,,
,,,,,,
,,,,,,
,,,,,,
insensitive,,,,,,
,,,,,,
,,,,,,
little,,,,,,
,,,,,,
,,,,,,
,,,,,,
,,,,,,
,,,,,,
,,,,,,
docile,, poor, twin, little],,
little,,,,,,
frustrated,,,,,,
,,,,,,
,,,,,,
,,,,,,
small,, typical],,,,
,,,,,,
new,,,,,,
,,,,,,
popular,,,,,,
vivacious,, real],,,,
,,,,,,
quiet,,,,,,
,,,,,,
,,,,,,
spirited,, bright],,,,
,,,,,,
anxious,,,,,,
,,,,,,
,,,,,,
,,,,,,
,,,,,,
remorseless,,,,,,
,,,,,,
,,,,,,
mysterious,,,,,,
,,,,,,
beautiful,,,,,,
wealthy,, young],,,,
,,,,,,
,,,,,,
,,,,,,
,,,,,,
,,,,,,
,,,,,,
,,,,,,
exotic,,,,,,
,,,,,,
married,,,,,,
,,,,,,
young,,,,,,
,,,,,,
obsessive,,,,,,
,,,,,,
,,,,,,
,,,,,,
,,,,,,
,,,,,,
,,,,,,
comatose,,,,,,
,,,,,,
,,,,,,
subordinate,,,,,,
,,,,,,
,,,,,,
,,,,,,
,,,,,,
,,,,,,
,,,,,,
,,,,,,
,,,,,,
,,,,,,
,,,,,,
,,,,,,
young,,,,,,
,,,,,,
,,,,,,
American,,,,,,
,,,,,,
,,,,,,
,,,,,,
,,,,,,
,,,,,,
,,,,,,
,,,,,,
,,,,,,
,,,,,,
,,,,,,
wild,,,,,,
,,,,,,
,,,,,,
,,,,,,
,,,,,,
,,,,,,
,,,,,,
,,,,,,
,,,,,,
,,,,,,
nagging,,,,,,
headstrong,,,,,,
pretty,,,,,,
little,,,,,,
,,,,,,
,,,,,,
,,,,,,
,,,,,,
,,,,,,
,,,,,,
,,,,,,
,,,,,,
broken,,,,,,
,,,,,,
,,,,,,
,,,,,,
,,,,,,
,,,,,,
,,,,,,
good,,,,,,
elderly,,,,,,
,,,,,,
,,,,,,
biological,, widowed],,,,
,,,,,,
,,,,,,
,,,,,,
,,,,,,
,,,,,,
,,,,,,
adopted,,,,,,
,,,,,,
,,,,,,
happy,,,,,,
,,,,,,
,,,,,,
,,,,,,
pregnant,,,,,,
,,,,,,
,,,,,,
,,,,,,
,,,,,,
Happy,, American],,,,
,,,,,,
,,,,,,
,,,,,,
,,,,,,
,,,,,,
wealthy,,,,,,
young,,,,,,
single,, young],,,,
,,,,,,
,,,,,,
,,,,,,
,,,,,,
,,,,,,
,,,,,,
,,,,,,
,,,,,,
,,,,,,
American,, modern],,,,
,,,,,,
,,,,,,
,,,,,,
,,,,,,
young,,,,,,
,,,,,,
common,,,,,,
,,,,,,
,,,,,,
,,,,,,
,,,,,,
pregnant,,,,,,
,,,,,,
frustrated,, angry],,,,
,,,,,,
perfect,,,,,,
,,,,,,
,,,,,,
,,,,,,
,,,,,,
,,,,,,
,,,,,,
,,,,,,
,,,,,,
,,,,,,
exuberant,,,,,,
,,,,,,
,,,,,,
timid,,,,,,
,,,,,,
little,,,,,,
,,,,,,
,,,,,,
,,,,,,
,,,,,,
,,,,,,
,,,,,,
,,,,,,
,,,,,,
,,,,,,
,,,,,,
,,,,,,
,,,,,,
,,,,,,
,,,,,,
,,,,,,
,,,,,,
,,,,,,
young,,,,,,
,,,,,,
,,,,,,
,,,,,,
,,,,,,
ambitious,,,,,,
,,,,,,
,,,,,,
patient,,,,,,
,,,,,,
bored,,,,,,
,,,,,,
,,,,,,
,,,,,,
,,,,,,
widowed,,,,,,
,,,,,,
,,,,,,
,,,,,,
,,,,,,
common,,,,,,
drunk,,,,,,
,,,,,,
Muslim,,,,,,
,,,,,,
,,,,,,
following,,,,,,
,,,,,,
Sikh,,,,,,
schoolgirl,,,,,,
,,,,,,
,,,,,,
,,,,,,
,,,,,,
,,,,,,
,,,,,,
beautiful,,,,,,
,,,,,,
,,,,,,
,,,,,,
,,,,,,
,,,,,,
,,,,,,
teenage,,,,,,
,,,,,,
,,,,,,
aggressive,,,,,,
,,,,,,
,,,,,,
,,,,,,
,,,,,,
,,,,,,
,,,,,,
,,,,,,
beautiful,, simple],,,,
,,,,,,
,,,,,,
,,,,,,
,,,,,,
jealous,,,,,,
,,,,,,
,,,,,,
,,,,,,
,,,,,,
young,,,,,,
,,,,,,
,,,,,,
,,,,,,
young,,,,,,
,,,,,,
,,,,,,
,,,,,,
,,,,,,
,,,,,,
,,,,,,
,,,,,,
,,,,,,
,,,,,,
young,,,,,,
,,,,,,
,,,,,,
,,,,,,
,,,,,,
,,,,,,
,,,,,,
depressed,,,,,,
,,,,,,
,,,,,,
,,,,,,
,,,,,,
,,,,,,
,,,,,,
,,,,,,
,,,,,,
rich,,,,,,
,,,,,,
,,,,,,
,,,,,,
,,,,,,
,,,,,,
young,, Pakistani],,,,
,,,,,,
,,,,,,
,,,,,,
Sikh,,,,,,
,,,,,,
,,,,,,
,,,,,,
,,,,,,
,,,,,,
,,,,,,
,,,,,,
,,,,,,
,,,,,,
charming,,,,,,
young,,,,,,
blind,,,,,,
,,,,,,
,,,,,,
,,,,,,
,,,,,,
,,,,,,
,,,,,,
,,,,,,
,,,,,,
,,,,,,
,,,,,,
,,,,,,
,,,,,,
,,,,,,
beautiful,,,,,,
,,,,,,
gullible,,,,,,
,,,,,,
popular,,,,,,
sister,,,,,,
,,,,,,
little,,,,,,
,,,,,,
,,,,,,
original,,,,,,
,,,,,,
fiancee,,,,,,
,,,,,,
,,,,,,
,,,,,,
,,,,,,
,,,,,,
niece,,,,,,
,,,,,,
,,,,,,
,,,,,,
,,,,,,
young,,,,,,
British,, wealthy],,,,
,,,,,,
,,,,,,
,,,,,,
,,,,,,
,,,,,,
,,,,,,
,,,,,,
,,,,,,
,,,,,,
violent,,,,,,
,,,,,,
,,,,,,
,,,,,,
,,,,,,
,,,,,,
beautiful,, young],,,,
,,,,,,
dutiful,,,,,,
,,,,,,
,,,,,,
,,,,,,
,,,,,,
,,,,,,
,,,,,,
sister,,,,,,
,,,,,,
,,,,,,
dead,,,,,,
,,,,,,
,,,,,,
,,,,,,
,,,,,,
,,,,,,
,,,,,,
,,,,,,
,,,,,,
beautiful,,,,,,
,,,,,,
hot,,,,,,
,,,,,,
,,,,,,
,,,,,,
dead,,,,,,
,,,,,,
,,,,,,
,,,,,,
drunk,,,,,,
,,,,,,
,,,,,,
,,,,,,
,,,,,,
,,,,,,
,,,,,,
,,,,,,
great,,,,,,
,,,,,,
,,,,,,
,,,,,,
married,, local],,,,
,,,,,,
,,,,,,
runaway,, jilted],,,,
,,,,,,
,,,,,,
,,,,,,
,,,,,,
,,,,,,
rich,,,,,,
,,,,,,
,,,,,,
,,,,,,
ailing,,,,,,
,,,,,,
,,,,,,
,,,,,,
young,,,,,,
,,,,,,
,,,,,,
,,,,,,
,,,,,,
promiscuous,,,,,,
,,,,,,
real,,,,,,
,,,,,,
new,,,,,,
,,,,,,
,,,,,,
,,,,,,
,,,,,,
,,,,,,
,,,,,,
,,,,,,
old,,,,,,
,,,,,,
urban,,,,,,
,,,,,,
twin,,,,,,
,,,,,,
,,,,,,
,,,,,,
,,,,,,
,,,,,,
,,,,,,
,,,,,,
,,,,,,
,,,,,,
simple,,,,,,
,,,,,,
,,,,,,
,,,,,,
blind,,,,,,
,,,,,,
,,,,,,
,,,,,,
,,,,,,
,,,,,,
,,,,,,
saucy,,,,,,
,,,,,,
,,,,,,
,,,,,,
wealthy,,,,,,
,,,,,,
sister,,,,,,
simple,,,,,,
,,,,,,
,,,,,,
original,,,,,,
mysterious,,,,,,
,,,,,,
,,,,,,
,,,,,,
attractive,,,,,,
,,,,,,
,,,,,,
,,,,,,
innocent,,,,,,
Afghan,,,,,,
,,,,,,
disappointed,,,,,,
,,,,,,
,,,,,,
young,,,,,,
close,,,,,,
young,,,,,,
,,,,,,
,,,,,,
,,,,,,
,,,,,,
,,,,,,
,,,,,,
,,,,,,
,,,,,,
local,,,,,,
,,,,,,
,,,,,,
,,,,,,
,,,,,,
,,,,,,
,,,,,,
,,,,,,
,,,,,,
,,,,,,
,,,,,,
,,,,,,
,,,,,,
,,,,,,
,,,,,,
,,,,,,
,,,,,,
withering,,,,,,
ill,,,,,,
little,,,,,,
,,,,,,
,,,,,,
,,,,,,
,,,,,,
pregnant,,,,,,
young,,,,,,
sister,,,,,,
,,,,,,
lovely,,,,,,
,,,,,,
,,,,,,
beautiful,,,,,,
middle,,,,,,
,,,,,,
,,,,,,
,,,,,,
,,,,,,
old,,,,,,
,,,,,,
,,,,,,
ideal,,,,,,
,,,,,,
,,,,,,
,,,,,,
,,,,,,
,,,,,,
,,,,,,
,,,,,,
,,,,,,
attractive,,,,,,
,,,,,,
young,, dead, Pakistani],,,
,,,,,,
young,, reluctant],,,,
happy,,,,,,
content,,,,,,
,,,,,,
,,,,,,
young,,,,,,
,,,,,,
spinster,, twin],,,,
starlet,,,,,,
,,,,,,
,,,,,,
,,,,,,
,,,,,,
,,,,,,
,,,,,,
,,,,,,
,,,,,,
,,,,,,
beautiful,, Indian],,,,
,,,,,,
,,,,,,
,,,,,,
,,,,,,
,,,,,,
,,,,,,
,,,,,,
wealthy,,,,,,
rich,,,,,,
,,,,,,
young,,,,,,
challenged,, twin],,,,
,,,,,,
,,,,,,
,,,,,,
,,,,,,
,,,,,,
,,,,,,
,,,,,,
,,,,,,
teenage,,,,,,
,,,,,,
,,,,,,
,,,,,,
,,,,,,
energetic,, talkative],,,,
,,,,,,
,,,,,,
,,,,,,
,,,,,,
,,,,,,
,,,,,,
,,,,,,
,,,,,,
,,,,,,
emotional,,,,,,
,,,,,,
,,,,,,
,,,,,,
,,,,,,
exclusive,,,,,,
,,,,,,
,,,,,,
,,,,,,
widowed,,,,,,
,,,,,,
,,,,,,
affluent,,,,,,
,,,,,,
nagging,,,,,,
,,,,,,
real,,,,,,
biological,, illegitimate],,,,
,,,,,,
American,, young],,,,
,,,,,,
,,,,,,
,,,,,,
,,,,,,
,,,,,,
,,,,,,
beautiful,, young],,,,
,,,,,,
,,,,,,
,,,,,,
white,,,,,,
,,,,,,
,,,,,,
,,,,,,
,,,,,,
,,,,,,
,,,,,,
,,,,,,
,,,,,,
real,,,,,,
,,,,,,
,,,,,,
,,,,,,
single,,,,,,
,,,,,,
,,,,,,
,,,,,,
,,,,,,
mysterious,,,,,,
,,,,,,
,,,,,,
,,,,,,
hot,,,,,,
,,,,,,
,,,,,,
,,,,,,
,,,,,,
,,,,,,
,,,,,,
,,,,,,
,,,,,,
gentle,,,,,,
,,,,,,
,,,,,,
kindhearted,,,,,,
,,,,,,
,,,,,,
,,,,,,
,,,,,,
safe,,,,,,
,,,,,,
,,,,,,
,,,,,,
beautiful,,,,,,
young,,,,,,
,,,,,,
,,,,,,
idiotic,, assistant],,,,
,,,,,,
assistant,, personal],,,,
little,,,,,,
,,,,,,
,,,,,,
elderly,,,,,,
,,,,,,
,,,,,,
,,,,,,
,,,,,,
,,,,,,
,,,,,,
young,,,,,,
,,,,,,
,,,,,,
,,,,,,
,,,,,,
,,,,,,
,,,,,,
,,,,,,
,,,,,,
,,,,,,
,,,,,,
,,,,,,
,,,,,,
right,,,,,,
,,,,,,
,,,,,,
,,,,,,
impulsive,, romantic, right, sweet],,
delighted,,,,,,
,,,,,,
girl,,,,,,
beloved,,,,,,
arrogant,, sweet],,,,
,,,,,,
,,,,,,
,,,,,,
,,,,,,
drunk,,,,,,
,,,,,,
,,,,,,
,,,,,,
perfect,,,,,,
modern,, capable, sweet, dreamy],,
feisty,,,,,,
,,,,,,
,,,,,,
,,,,,,
,,,,,,
,,,,,,
,,,,,,
,,,,,,
,,,,,,
,,,,,,
,,,,,,
,,,,,,
,,,,,,
,,,,,,
,,,,,,
,,,,,,
hurried,,,,,,
eunuch,,,,,,
kisses,,,,,,
,,,,,,
,,,,,,
,,,,,,
captive,,,,,,
,,,,,,
,,,,,,
,,,,,,
,,,,,,
,,,,,,
,,,,,,
,,,,,,
,,,,,,
,,,,,,
,,,,,,
,,,,,,
,,,,,,
disguised,,,,,,
,,,,,,
,,,,,,
,,,,,,
deaf,,,,,,
,,,,,,
attractive,, young],,,,
sister,,,,,,
,,,,,,
,,,,,,
,,,,,,
,,,,,,
,,,,,,
supermodel,,,,,,
,,,,,,
,,,,,,
,,,,,,
,,,,,,
,,,,,,
,,,,,,
lovely,,,,,,
Special,,,,,,
fiancee,,,,,,
,,,,,,
,,,,,,
,,,,,,
aspiring,, lead],,,,
rich,, dead],,,,
,,,,,,
beautiful,,,,,,
,,,,,,
,,,,,,
,,,,,,
,,,,,,
,,,,,,
,,,,,,
,,,,,,
,,,,,,
,,,,,,
big,, independent],,,,
,,,,,,
,,,,,,
young,,,,,,
,,,,,,
,,,,,,
,,,,,,
,,,,,,
,,,,,,
young,,,,,,
,,,,,,
,,,,,,
,,,,,,
,,,,,,
,,,,,,
,,,,,,
Muslim,,,,,,
American,,,,,,
Muslim,,,,,,
,,,,,,
,,,,,,
,,,,,,
,,,,,,
,,,,,,
,,,,,,
beautiful,,,,,,
,,,,,,
unruly,,,,,,
,,,,,,
,,,,,,
,,,,,,
,,,,,,
,,,,,,
,,,,,,
,,,,,,
,,,,,,
,,,,,,
adult,,,,,,
psychiatrist,,,,,,
,,,,,,
shattered,,,,,,
,,,,,,
,,,,,,
,,,,,,
young,,,,,,
,,,,,,
,,,,,,
,,,,,,
cultured,,,,,,
,,,,,,
striking,,,,,,
,,,,,,
,,,,,,
,,,,,,
,,,,,,
beautiful,,,,,,
young,,,,,,
frustrating,,,,,,
,,,,,,
,,,,,,
,,,,,,
,,,,,,
,,,,,,
,,,,,,
,,,,,,
new,, sizzling],,,,
lovely,,,,,,
,,,,,,
,,,,,,
,,,,,,
,,,,,,
Canadian,,,,,,
,,,,,,
,,,,,,
,,,,,,
,,,,,,
,,,,,,
,,,,,,
,,,,,,
challenged,,,,,,
,,,,,,
,,,,,,
,,,,,,
,,,,,,
,,,,,,
,,,,,,
,,,,,,
,,,,,,
nice,,,,,,
,,,,,,
,,,,,,
,,,,,,
,,,,,,
,,,,,,
,,,,,,
beautiful,,,,,,
,,,,,,
ambitious,,,,,,
,,,,,,
accomplice,,,,,,
,,,,,,
,,,,,,
,,,,,,
beautiful,, young],,,,
,,,,,,
,,,,,,
,,,,,,
,,,,,,
,,,,,,
,,,,,,
,,,,,,
,,,,,,
,,,,,,
,,,,,,
,,,,,,
,,,,,,
,,,,,,
beautiful,,,,,,
old,,,,,,
,,,,,,
rich,,,,,,
,,,,,,
,,,,,,
,,,,,,
,,,,,,
,,,,,,
,,,,,,
,,,,,,
,,,,,,
pregnant,,,,,,
,,,,,,
young,,,,,,
,,,,,,
,,,,,,
,,,,,,
,,,,,,
,,,,,,
,,,,,,
,,,,,,
,,,,,,
,,,,,,
,,,,,,
,,,,,,
,,,,,,
deceased,,,,,,
,,,,,,
broken,,,,,,
,,,,,,
,,,,,,
,,,,,,
,,,,,,
,,,,,,
,,,,,,
,,,,,,
sister,,,,,,
disabled,,,,,,
,,,,,,
,,,,,,
,,,,,,
spirited,, free],,,,
,,,,,,
,,,,,,
,,,,,,
,,,,,,
,,,,,,
twin,,,,,,
,,,,,,
,,,,,,
,,,,,,
,,,,,,
undercover,,,,,,
,,,,,,
,,,,,,
young,,,,,,
local,,,,,,
,,,,,,
,,,,,,
beautiful,, Scared],,,,
,,,,,,
,,,,,,
assistant,,,,,,
,,,,,,
beautiful,,,,,,
,,,,,,
,,,,,,
,,,,,,
,,,,,,
,,,,,,
young,,,,,,
,,,,,,
,,,,,,
,,,,,,
,,,,,,
young,, haughty],,,,
,,,,,,
,,,,,,
,,,,,,
,,,,,,
,,,,,,
dead,,,,,,
,,,,,,
beautiful,,,,,,
attractive,, married],,,,
,,,,,,
,,,,,,
young,, plain],,,,
,,,,,,
,,,,,,
,,,,,,
late,,,,,,
young,,,,,,
,,,,,,
,,,,,,
,,,,,,
young,, fiery],,,,
blind,,,,,,
traditional,,,,,,
,,,,,,
,,,,,,
,,,,,,
,,,,,,
poor,, pregnant],,,,
,,,,,,
Kenyan,,,,,,
,,,,,,
fake,,,,,,
,,,,,,
,,,,,,
traditional,, homely],,,,
,,,,,,
,,,,,,
,,,,,,
,,,,,,
,,,,,,
new,,,,,,
shocked,,,,,,
,,,,,,
,,,,,,
,,,,,,
,,,,,,
single,,,,,,
,,,,,,
,,,,,,
,,,,,,
,,,,,,
,,,,,,
,,,,,,
,,,,,,
,,,,,,
injured,,,,,,
rebellious,,,,,,
,,,,,,
,,,,,,
pregnant,,,,,,
old,,,,,,
,,,,,,
concerned,,,,,,
,,,,,,
,,,,,,
,,,,,,
adopted,,,,,,
,,,,,,
,,,,,,
,,,,,,
,,,,,,
,,,,,,
,,,,,,
,,,,,,
sister,,,,,,
,,,,,,
,,,,,,
,,,,,,
,,,,,,
,,,,,,
,,,,,,
escort,,,,,,
,,,,,,
,,,,,,
,,,,,,
,,,,,,
fat,,,,,,
,,,,,,
single,,,,,,
,,,,,,
,,,,,,
,,,,,,
,,,,,,
,,,,,,
young,,,,,,
,,,,,,
,,,,,,
,,,,,,
,,,,,,
,,,,,,
,,,,,,
,,,,,,
,,,,,,
,,,,,,
,,,,,,
brothel,,,,,,
,,,,,,
,,,,,,
,,,,,,
rich,,,,,,
,,,,,,
new,,,,,,
,,,,,,
,,,,,,
pregnant,,,,,,
,,,,,,
,,,,,,
,,,,,,
,,,,,,
,,,,,,
,,,,,,
,,,,,,
,,,,,,
,,,,,,
,,,,,,
,,,,,,
,,,,,,
,,,,,,
,,,,,,
,,,,,,
,,,,,,
,,,,,,
,,,,,,
pregnant,,,,,,
wrong,,,,,,
eloped,,,,,,
reclusive,,,,,,
talkative,, feisty, young],,,
,,,,,,
,,,,,,
,,,,,,
,,,,,,
,,,,,,
wrong,,,,,,
,,,,,,
,,,,,,
,,,,,,
,,,,,,
pregnant,,,,,,
,,,,,,
,,,,,,
,,,,,,
working,,,,,,
,,,,,,
,,,,,,
,,,,,,
,,,,,,
fiance,,,,,,
young,, Pakistani, sheltered, liberal],,
,,,,,,
,,,,,,
Indian,,,,,,
,,,,,,
,,,,,,
insane,,,,,,
real,,,,,,
lead,,,,,,
,,,,,,
,,,,,,
married,,,,,,
,,,,,,
,,,,,,
,,,,,,
,,,,,,
,,,,,,
,,,,,,
,,,,,,
,,,,,,
,,,,,,
,,,,,,
,,,,,,
,,,,,,
new,,,,,,
,,,,,,
,,,,,,
,,,,,,
,,,,,,
,,,,,,
upset,,,,,,
,,,,,,
,,,,,,
little,,,,,,
,,,,,,
young,,,,,,
quietly,,,,,,
,,,,,,
,,,,,,
,,,,,,
,,,,,,
,,,,,,
,,,,,,
desperate,, triplicate, true, real],,
,,,,,,
,,,,,,
,,,,,,
,,,,,,
perfect,,,,,,
little,,,,,,
,,,,,,
young,,,,,,
,,,,,,
,,,,,,
,,,,,,
,,,,,,
,,,,,,
,,,,,,
teenage,,,,,,
,,,,,,
,,,,,,
,,,,,,
,,,,,,
,,,,,,
,,,,,,
,,,,,,
,,,,,,
,,,,,,
,,,,,,
,,,,,,
,,,,,,
,,,,,,
,,,,,,
,,,,,,
,,,,,,
,,,,,,
poor,,,,,,
,,,,,,
,,,,,,
,,,,,,
,,,,,,
,,,,,,
,,,,,,
conservative,,,,,,
,,,,,,
,,,,,,
,,,,,,
young,,,,,,
widowed,,,,,,
,,,,,,
,,,,,,
,,,,,,
widowed,,,,,,
,,,,,,
,,,,,,
,,,,,,
,,,,,,
,,,,,,
,,,,,,
,,,,,,
,,,,,,
,,,,,,
,,,,,,
,,,,,,
,,,,,,
,,,,,,
,,,,,,
young,, good],,,,
,,,,,,
,,,,,,
,,,,,,
dead,, little],,,,
critical,, unknown],,,,
,,,,,,
irresistible,,,,,,
undisguised,, rejuvenated],,,,
,,,,,,
innocent,,,,,,
,,,,,,
,,,,,,
pregnant,,,,,,
,,,,,,
,,,,,,
,,,,,,
,,,,,,
,,,,,,
,,,,,,
,,,,,,
,,,,,,
,,,,,,
Muslim,,,,,,
,,,,,,
,,,,,,
,,,,,,
,,,,,,
,,,,,,
sick,, ailing],,,,
,,,,,,
carefree,,,,,,
,,,,,,
,,,,,,
,,,,,,
right,,,,,,
,,,,,,
,,,,,,
traditional,, simple],,,,
,,,,,,
,,,,,,
,,,,,,
,,,,,,
,,,,,,
,,,,,,
reluctant,,,,,,
,,,,,,
,,,,,,
,,,,,,
little,,,,,,
,,,,,,
,,,,,,
,,,,,,
independent,,,,,,
,,,,,,
,,,,,,
,,,,,,
fake,,,,,,
social,,,,,,
,,,,,,
,,,,,,
young,,,,,,
dejected,,,,,,
,,,,,,
,,,,,,
,,,,,,
,,,,,,
,,,,,,
,,,,,,
,,,,,,
,,,,,,
,,,,,,
,,,,,,
,,,,,,
widowed,,,,,,
,,,,,,
,,,,,,
,,,,,,
,,,,,,
,,,,,,
beloved,,,,,,
,,,,,,
,,,,,,
young,, Muslim],,,,
,,,,,,
,,,,,,
,,,,,,
widowed,,,,,,
,,,,,,
,,,,,,
,,,,,,
little,,,,,,
,,,,,,
,,,,,,
,,,,,,
,,,,,,
,,,,,,
,,,,,,
,,,,,,
confident,,,,,,
young,,,,,,
,,,,,,
popular,,,,,,
,,,,,,
,,,,,,
,,,,,,
,,,,,,
,,,,,,
,,,,,,
,,,,,,
,,,,,,
,,,,,,
,,,,,,
traditional,, shy, Ideal, Indian, decent],
,,,,,,
,,,,,,
spirited,, free],,,,
,,,,,,
dead,,,,,,
,,,,,,
female,,,,,,
,,,,,,
,,,,,,
,,,,,,
,,,,,,
,,,,,,
,,,,,,
,,,,,,
,,,,,,
overbearing,,,,,,
,,,,,,
,,,,,,
housemaid,,,,,,
,,,,,,
,,,,,,
cherubic,,,,,,
small,,,,,,
,,,,,,
,,,,,,
,,,,,,
,,,,,,
,,,,,,
,,,,,,
veteran,, renowned],,,,
,,,,,,
,,,,,,
,,,,,,
,,,,,,
eccentric,,,,,,
,,,,,,
,,,,,,
,,,,,,
,,,,,,
,,,,,,
,,,,,,
popular,,,,,,
happy,,,,,,
,,,,,,
,,,,,,
secret,,,,,,
,,,,,,
,,,,,,
,,,,,,
,,,,,,
,,,,,,
,,,,,,
,,,,,,
,,,,,,
,,,,,,
,,,,,,
,,,,,,
beautiful,, young],,,,
,,,,,,
,,,,,,
late,,,,,,
,,,,,,
,,,,,,
fraternal,, twin],,,,
assistant,, personal],,,,
,,,,,,
,,,,,,
biological,,,,,,
,,,,,,
sceptical,, sudden],,,,
,,,,,,
,,,,,,
,,,,,,
,,,,,,
,,,,,,
,,,,,,
,,,,,,
,,,,,,
,,,,,,
,,,,,,
,,,,,,
,,,,,,
,,,,,,
single,,,,,,
,,,,,,
Chinese,,,,,,
white,, unknown],,,,
,,,,,,
,,,,,,
nanny,,,,,,
,,,,,,
,,,,,,
,,,,,,
,,,,,,
,,,,,,
,,,,,,
,,,,,,
,,,,,,
,,,,,,
,,,,,,
,,,,,,
late,,,,,,
young,,,,,,
,,,,,,
,,,,,,
handicapped,,,,,,
,,,,,,
,,,,,,
,,,,,,
,,,,,,
,,,,,,
,,,,,,
,,,,,,
,,,,,,
old,,,,,,
,,,,,,
,,,,,,
,,,,,,
,,,,,,
,,,,,,
,,,,,,
,,,,,,
,,,,,,
late,,,,,,
,,,,,,
,,,,,,
,,,,,,
,,,,,,
,,,,,,
,,,,,,
,,,,,,
,,,,,,
,,,,,,
,,,,,,
,,,,,,
,,,,,,
,,,,,,
,,,,,,
,,,,,,
,,,,,,
,,,,,,
betrayal,,,,,,
mysterious,,,,,,
British,,,,,,
,,,,,,
,,,,,,
,,,,,,
,,,,,,
little,,,,,,
,,,,,,
,,,,,,
,,,,,,
,,,,,,
,,,,,,
,,,,,,
,,,,,,
usual,,,,,,
,,,,,,
,,,,,,
unwilling,,,,,,
,,,,,,
,,,,,,
,,,,,,
,,,,,,
,,,,,,
real,,,,,,
,,,,,,
actual,, true],,,,
,,,,,,
,,,,,,
younger,,,,,,
new,,,,,,
moll,,,,,,
,,,,,,
,,,,,,
,,,,,,
,,,,,,
beautiful,,,,,,
,,,,,,
,,,,,,
,,,,,,
,,,,,,
aspiring,,,,,,
,,,,,,
,,,,,,
,,,,,,
,,,,,,
,,,,,,
,,,,,,
,,,,,,
,,,,,,
,,,,,,
,,,,,,
,,,,,,
,,,,,,
little,,,,,,
real,,,,,,
,,,,,,
,,,,,,
,,,,,,
,,,,,,
real,, second],,,,
second,,,,,,
,,,,,,
,,,,,,
,,,,,,
,,,,,,
,,,,,,
,,,,,,
,,,,,,
,,,,,,
modest,,,,,,
,,,,,,
,,,,,,
,,,,,,
,,,,,,
,,,,,,
,,,,,,
,,,,,,
,,,,,,
,,,,,,
poor,,,,,,
beautiful,,,,,,
rich,,,,,,
Mexican,,,,,,
,,,,,,
,,,,,,
,,,,,,
,,,,,,
,,,,,,
,,,,,,
,,,,,,
,,,,,,
,,,,,,
,,,,,,
assistant,,,,,,
,,,,,,
,,,,,,
,,,,,,
,,,,,,
young,, upper, rich],,,
small,,,,,,
,,,,,,
,,,,,,
dead,, twin],,,,
,,,,,,
,,,,,,
,,,,,,
archetypical,,,,,,
,,,,,,
,,,,,,
,,,,,,
,,,,,,
,,,,,,
impoverished,,,,,,
,,,,,,
,,,,,,
,,,,,,
teenage,,,,,,
,,,,,,
,,,,,,
perfect,,,,,,
,,,,,,
,,,,,,
,,,,,,
rich,,,,,,
,,,,,,
,,,,,,
,,,,,,
curious,,,,,,
,,,,,,
idiotic,,,,,,
sensible,,,,,,
,,,,,,
teenage,,,,,,
beautiful,,,,,,
Pakistani,,,,,,
,,,,,,
,,,,,,
,,,,,,
elderly,,,,,,
,,,,,,
,,,,,,
,,,,,,
,,,,,,
,,,,,,
,,,,,,
,,,,,,
young,,,,,,
,,,,,,
,,,,,,
,,,,,,
,,,,,,
,,,,,,
,,,,,,
,,,,,,
,,,,,,
,,,,,,
,,,,,,
intelligent,,,,,,
,,,,,,
,,,,,,
,,,,,,
,,,,,,
,,,,,,
,,,,,,
young,,,,,,
,,,,,,
,,,,,,
,,,,,,
,,,,,,
,,,,,,
,,,,,,
,,,,,,
,,,,,,
,,,,,,
religious,,,,,,
,,,,,,
,,,,,,
,,,,,,
,,,,,,
,,,,,,
,,,,,,
international,,,,,,
,,,,,,
,,,,,,
,,,,,,
,,,,,,
,,,,,,
,,,,,,
,,,,,,
,,,,,,
,,,,,,
,,,,,,
blonde,,,,,,
,,,,,,
,,,,,,
,,,,,,
,,,,,,
,,,,,,
,,,,,,
,,,,,,
pampered,,,,,,
,,,,,,
good,,,,,,
,,,,,,
,,,,,,
,,,,,,
,,,,,,
,,,,,,
,,,,,,
,,,,,,
nagging,,,,,,
beautiful,,,,,,
,,,,,,
,,,,,,
,,,,,,
fellow,,,,,,
,,,,,,
,,,,,,
,,,,,,
arrogant,, young],,,,
,,,,,,
,,,,,,
,,,,,,
,,,,,,
,,,,,,
,,,,,,
sick,,,,,,
,,,,,,
,,,,,,
,,,,,,
,,,,,,
,,,,,,
,,,,,,
,,,,,,
,,,,,,
,,,,,,
orphan,,,,,,
,,,,,,
,,,,,,
,,,,,,
,,,,,,
,,,,,,
widowed,,,,,,
,,,,,,
,,,,,,
,,,,,,
,,,,,,
,,,,,,
,,,,,,
,,,,,,
,,,,,,
,,,,,,
,,,,,,
young,, sexy],,,,
,,,,,,
elder,, pregnant],,,,
,,,,,,
,,,,,,
real,,,,,,
,,,,,,
,,,,,,
,,,,,,
,,,,,,
beautiful,, young],,,,
,,,,,,
young,,,,,,
,,,,,,
,,,,,,
,,,,,,
,,,,,,
,,,,,,
,,,,,,
,,,,,,
,,,,,,
poor,,,,,,
feisty,,,,,,
young,,,,,,
,,,,,,
pregnant,,,,,,
old,,,,,,
,,,,,,
,,,,,,
wealthy,,,,,,
,,,,,,
wealthy,,,,,,
,,,,,,
,,,,,,
,,,,,,
wealthy,,,,,,
,,,,,,
,,,,,,
,,,,,,
,,,,,,
,,,,,,
,,,,,,
famous,,,,,,
,,,,,,
,,,,,,
,,,,,,
,,,,,,
,,,,,,
,,,,,,
,,,,,,
,,,,,,
,,,,,,
,,,,,,
beautiful,, young],,,,
,,,,,,
,,,,,,
,,,,,,
,,,,,,
,,,,,,
,,,,,,
,,,,,,
new,,,,,,
dead,,,,,,
,,,,,,
,,,,,,
,,,,,,
,,,,,,
,,,,,,
good,,,,,,
,,,,,,
,,,,,,
,,,,,,
,,,,,,
young,,,,,,
,,,,,,
,,,,,,
,,,,,,
,,,,,,
patriotic,, deceased],,,,
,,,,,,
poor,,,,,,
,,,,,,
,,,,,,
,,,,,,
,,,,,,
,,,,,,
,,,,,,
,,,,,,
,,,,,,
sad,,,,,,
,,,,,,
,,,,,,
,,,,,,
,,,,,,
blind,,,,,,
,,,,,,
,,,,,,
,,,,,,
,,,,,,
,,,,,,
,,,,,,
wealthy,,,,,,
widowed,,,,,,
maidservant,,,,,,
unmarried,,,,,,
,,,,,,
,,,,,,
,,,,,,
,,,,,,
,,,,,,
,,,,,,
,,,,,,
,,,,,,
similar,,,,,,
,,,,,,
,,,,,,
,,,,,,
,,,,,,
future,,,,,,
,,,,,,
sister,,,,,,
,,,,,,
,,,,,,
,,,,,,
real,,,,,,
little,,,,,,
,,,,,,
,,,,,,
dead,,,,,,
,,,,,,
,,,,,,
,,,,,,
,,,,,,
beloved,,,,,,
,,,,,,
,,,,,,
,,,,,,
,,,,,,
sweet,,,,,,
real,,,,,,
identical,, twin],,,,
feisty,,,,,,
surrogate,,,,,,
,,,,,,
,,,,,,
,,,,,,
,,,,,,
,,,,,,
,,,,,,
challenged,,,,,,
,,,,,,
poor,,,,,,
beautiful,,,,,,
,,,,,,
,,,,,,
,,,,,,
poor,,,,,,
,,,,,,
widowed,,,,,,
,,,,,,
,,,,,,
,,,,,,
,,,,,,
rich,,,,,,
,,,,,,
unmarried,,,,,,
,,,,,,
Indian,,,,,,
beautiful,, young],,,,
,,,,,,
,,,,,,
,,,,,,
,,,,,,
wealthy,,,,,,
illiterate,, orphan],,,,
,,,,,,
,,,,,,
real,,,,,,
,,,,,,
real,,,,,,
,,,,,,
,,,,,,
,,,,,,
traumatised,,,,,,
beautiful,,,,,,
widowed,,,,,,
,,,,,,
honest,,,,,,
,,,,,,
,,,,,,
,,,,,,
,,,,,,
,,,,,,
,,,,,,
,,,,,,
,,,,,,
,,,,,,
,,,,,,
,,,,,,
,,,,,,
,,,,,,
,,,,,,
lonely,,,,,,
guilty,, ambitious],,,,
widowed,,,,,,
,,,,,,
,,,,,,
,,,,,,
young,,,,,,
,,,,,,
Kishans,,,,,,
spoiled,,,,,,
,,,,,,
attractive,, young],,,,
,,,,,,
,,,,,,
,,,,,,
,,,,,,
young,,,,,,
,,,,,,
,,,,,,
,,,,,,
,,,,,,
simple,,,,,,
,,,,,,
,,,,,,
,,,,,,
,,,,,,
,,,,,,
,,,,,,
,,,,,,
,,,,,,
,,,,,,
,,,,,,
,,,,,,
,,,,,,
,,,,,,
disheartened,,,,,,
female,,,,,,
captive,,,,,,
,,,,,,
,,,,,,
,,,,,,
,,,,,,
,,,,,,
,,,,,,
,,,,,,
,,,,,,
,,,,,,
pretty,,,,,,
,,,,,,
,,,,,,
,,,,,,
,,,,,,
,,,,,,
actual,, real],,,,
,,,,,,
,,,,,,
,,,,,,
,,,,,,
biological,,,,,,
young,,,,,,
,,,,,,
,,,,,,
,,,,,,
,,,,,,
effervescent,,,,,,
poor,,,,,,
,,,,,,
rich,,,,,,
,,,,,,
,,,,,,
,,,,,,
beautiful,,,,,,
,,,,,,
,,,,,,
,,,,,,
,,,,,,
Suraj,,,,,,
innocent,,,,,,
,,,,,,
,,,,,,
,,,,,,
,,,,,,
graceful,,,,,,
,,,,,,
aware,,,,,,
,,,,,,
,,,,,,
,,,,,,
,,,,,,
beautiful,,,,,,
,,,,,,
assistant,, dead],,,,
,,,,,,
young,, local],,,,
,,,,,,
anxious,,,,,,
,,,,,,
young,,,,,,
,,,,,,
,,,,,,
,,,,,,
beautiful,, Russian],,,,
,,,,,,
,,,,,,
,,,,,,
wealthy,, poor],,,,
alcoholic,,,,,,
,,,,,,
,,,,,,
,,,,,,
successful,,,,,,
,,,,,,
sister,,,,,,
,,,,,,
,,,,,,
,,,,,,
nautch,,,,,,
religious,, nautch, lone, good],,
,,,,,,
real,,,,,,
,,,,,,
,,,,,,
,,,,,,
fellow,,,,,,
reunited,,,,,,
adopted,,,,,,
,,,,,,
meekest,,,,,,
,,,,,,
,,,,,,
,,,,,,
,,,,,,
,,,,,,
,,,,,,
independent,,,,,,
,,,,,,
,,,,,,
innocent,, little],,,,
treasured,,,,,,
clever,,,,,,
sister,,,,,,
,,,,,,
,,,,,,
,,,,,,
,,,,,,
,,,,,,
,,,,,,
,,,,,,
invisible,,,,,,
,,,,,,
,,,,,,
,,,,,,
sister,,,,,,
young,,,,,,
,,,,,,
,,,,,,
white,,,,,,
,,,,,,
,,,,,,
,,,,,,
,,,,,,
rich,,,,,,
,,,,,,
,,,,,,
,,,,,,
,,,,,,
young,,,,,,
,,,,,,
beleaguered,,,,,,
,,,,,,
poor,,,,,,
,,,,,,
,,,,,,
Muslim,,,,,,
,,,,,,
,,,,,,
,,,,,,
,,,,,,
,,,,,,
,,,,,,
,,,,,,
,,,,,,
free,,,,,,
,,,,,,
,,,,,,
loud,,,,,,
,,,,,,
angry,,,,,,
,,,,,,
,,,,,,
,,,,,,
,,,,,,
brothel,,,,,,
young,,,,,,
,,,,,,
,,,,,,
,,,,,,
existing,,,,,,
Indian,,,,,,
,,,,,,
,,,,,,
,,,,,,
,,,,,,
,,,,,,
,,,,,,
,,,,,,
,,,,,,
,,,,,,
,,,,,,
,,,,,,
,,,,,,
,,,,,,
,,,,,,
,,,,,,
,,,,,,
,,,,,,
,,,,,,
,,,,,,
elusive,,,,,,
,,,,,,
,,,,,,
,,,,,,
ghetto,,,,,,
,,,,,,
,,,,,,
,,,,,,
disguised,,,,,,
,,,,,,
modern,,,,,,
,,,,,,
proud,,,,,,
,,,,,,
,,,,,,
American,, Indian],,,,
young,,,,,,
,,,,,,
bereaved,,,,,,
young,, Chinese],,,,
,,,,,,
,,,,,,
,,,,,,
,,,,,,
,,,,,,
,,,,,,
,,,,,,
,,,,,,
Moses,,,,,,
,,,,,,
,,,,,,
,,,,,,
sister,,,,,,
,,,,,,
,,,,,,
,,,,,,
,,,,,,
typical,,,,,,
,,,,,,
,,,,,,
,,,,,,
,,,,,,
,,,,,,
,,,,,,
delinquent,,,,,,
,,,,,,
,,,,,,
,,,,,,
kept,,,,,,
,,,,,,
,,,,,,
,,,,,,
,,,,,,
,,,,,,
,,,,,,
,,,,,,
young,,,,,,
,,,,,,
criminal,,,,,,
,,,,,,
,,,,,,
,,,,,,
,,,,,,
,,,,,,
,,,,,,
,,,,,,
,,,,,,
modern,, ambitious],,,,
,,,,,,
,,,,,,
,,,,,,
,,,,,,
young,, real],,,,
,,,,,,
,,,,,,
real,,,,,,
beautiful,, young],,,,
,,,,,,
,,,,,,
,,,,,,
,,,,,,
,,,,,,
,,,,,,
,,,,,,
,,,,,,
,,,,,,
,,,,,,
orphan,,,,,,
,,,,,,
,,,,,,
,,,,,,
pretty,,,,,,
key,,,,,,
ghostly,,,,,,
,,,,,,
,,,,,,
possessed,,,,,,
,,,,,,
,,,,,,
,,,,,,
,,,,,,
fiancee,,,,,,
,,,,,,
,,,,,,
,,,,,,
,,,,,,
,,,,,,
Nautch,, Muslim],,,,
,,,,,,
,,,,,,
,,,,,,
,,,,,,
angry,,,,,,
,,,,,,
,,,,,,
,,,,,,
wailing,,,,,,
,,,,,,
,,,,,,
,,,,,,
,,,,,,
beautiful,,,,,,
,,,,,,
,,,,,,
,,,,,,
,,,,,,
beautiful,, married],,,,
,,,,,,
,,,,,,
,,,,,,
,,,,,,
,,,,,,
innocent,,,,,,
,,,,,,
pregnant,,,,,,
adopted,,,,,,
new,,,,,,
,,,,,,
,,,,,,
,,,,,,
brothel,,,,,,
,,,,,,
ill,,,,,,
,,,,,,
,,,,,,
,,,,,,
,,,,,,
,,,,,,
beautiful,,,,,,
,,,,,,
,,,,,,
,,,,,,
widowed,,,,,,
small,, good],,,,
,,,,,,
,,,,,,
,,,,,,
,,,,,,
happy,, marries],,,,
,,,,,,
,,,,,,
,,,,,,
,,,,,,
,,,,,,
,,,,,,
imbalanced,,,,,,
,,,,,,
,,,,,,
rich,,,,,,
,,,,,,
,,,,,,
sister,,,,,,
,,,,,,
,,,,,,
,,,,,,
,,,,,,
beautiful,,,,,,
,,,,,,
insulted,,,,,,
,,,,,,
,,,,,,
,,,,,,
,,,,,,
,,,,,,
,,,,,,
,,,,,,
,,,,,,
,,,,,,
,,,,,,
,,,,,,
,,,,,,
,,,,,,
,,,,,,
missing,,,,,,
,,,,,,
young,, bright],,,,
entire,, painful],,,,
,,,,,,
close,,,,,,
,,,,,,
,,,,,,
,,,,,,
,,,,,,
,,,,,,
dead,,,,,,
,,,,,,
,,,,,,
,,,,,,
,,,,,,
,,,,,,
,,,,,,
,,,,,,
,,,,,,
,,,,,,
,,,,,,
,,,,,,
new,,,,,,
,,,,,,
,,,,,,
elderly,,,,,,
,,,,,,
,,,,,,
,,,,,,
single,,,,,,
,,,,,,
,,,,,,
lucky,, Gujarati],,,,
lonely,,,,,,
,,,,,,
,,,,,,
,,,,,,
contemporary,, young],,,,
young,,,,,,
,,,,,,
,,,,,,
,,,,,,
,,,,,,
,,,,,,
second,,,,,,
,,,,,,
beautiful,, unattractive, different],,,
,,,,,,
,,,,,,
rich,,,,,,
,,,,,,
,,,,,,
,,,,,,
,,,,,,
pretty,,,,,,
loose,,,,,,
,,,,,,
,,,,,,
,,,,,,
wealthy,,,,,,
,,,,,,
,,,,,,
lone,, pregnant],,,,
,,,,,,
,,,,,,
,,,,,,
,,,,,,
rich,,,,,,
,,,,,,
,,,,,,
young,,,,,,
,,,,,,
,,,,,,
,,,,,,
,,,,,,
,,,,,,
uneducated,,,,,,
sunshine.while,,,,,,
Unknown,,,,,,
,,,,,,
,,,,,,
,,,,,,
,,,,,,
unaware,,,,,,
,,,,,,
real,,,,,,
,,,,,,
,,,,,,
,,,,,,
,,,,,,
,,,,,,
schoolmate,,,,,,
poor,,,,,,
,,,,,,
,,,,,,
,,,,,,
,,,,,,
,,,,,,
,,,,,,
,,,,,,
,,,,,,
,,,,,,
young,,,,,,
,,,,,,
,,,,,,
,,,,,,
ancient,,,,,,
,,,,,,
,,,,,,
Determined,,,,,,
,,,,,,
,,,,,,
,,,,,,
widowed,,,,,,
fellow,,,,,,
,,,,,,
,,,,,,
,,,,,,
beautiful,,,,,,
,,,,,,
victimised,,,,,,
,,,,,,
,,,,,,
,,,,,,
Naive,,,,,,
,,,,,,
,,,,,,
random,, new],,,,
furious,,,,,,
,,,,,,
,,,,,,
,,,,,,
,,,,,,
,,,,,,
beautiful,,,,,,
,,,,,,
,,,,,,
,,,,,,
,,,,,,
,,,,,,
nerd.Ms,,,,,,
,,,,,,
,,,,,,
,,,,,,
late,,,,,,
principal,, ambitious],,,,
recovered,,,,,,
,,,,,,
,,,,,,
beautiful,, Indian],,,,
,,,,,,
,,,,,,
spoiled,,,,,,
,,,,,,
,,,,,,
,,,,,,
,,,,,,
demotivated,,,,,,
,,,,,,
,,,,,,
,,,,,,
,,,,,,
,,,,,,
,,,,,,
,,,,,,
,,,,,,
,,,,,,
adopted,,,,,,
tall,,,,,,
,,,,,,
,,,,,,
,,,,,,
,,,,,,
,,,,,,
,,,,,,
modern,,,,,,
teenage,,,,,,
,,,,,,
,,,,,,
,,,,,,
,,,,,,
,,,,,,
little,,,,,,
,,,,,,
,,,,,,
motivated,,,,,,
,,,,,,
,,,,,,
,,,,,,
,,,,,,
edgy,,,,,,
,,,,,,
beautiful,,,,,,
,,,,,,
,,,,,,
,,,,,,
,,,,,,
single,,,,,,
fellow,,,,,,
martial,,,,,,
,,,,,,
,,,,,,
,,,,,,
,,,,,,
beautiful,,,,,,
mysterious,,,,,,
,,,,,,
,,,,,,
helpless,,,,,,
,,,,,,
,,,,,,
,,,,,,
,,,,,,
,,,,,,
,,,,,,
,,,,,,
,,,,,,
sister,,,,,,
,,,,,,
comatose,,,,,,
,,,,,,
,,,,,,
,,,,,,
,,,,,,
,,,,,,
,,,,,,
blind,,,,,,
,,,,,,
,,,,,,
,,,,,,
,,,,,,
,,,,,,
,,,,,,
,,,,,,
,,,,,,
poor,,,,,,
,,,,,,
,,,,,,
unwed,,,,,,
,,,,,,
beautiful,, tearful, young],,,
Muslim,,,,,,
,,,,,,
,,,,,,
,,,,,,
attractive,,,,,,
,,,,,,
,,,,,,
,,,,,,
local,,,,,,
,,,,,,
,,,,,,
,,,,,,
,,,,,,
,,,,,,
,,,,,,
fiancee,,,,,,
,,,,,,
,,,,,,
,,,,,,
,,,,,,
,,,,,,
,,,,,,
,,,,,,
hard,,,,,,
,,,,,,
,,,,,,
little,, wrong],,,,
young,, brave],,,,
main,,,,,,
,,,,,,
,,,,,,
,,,,,,
,,,,,,
,,,,,,
,,,,,,
,,,,,,
,,,,,,
,,,,,,
working,, fourth],,,,
old,,,,,,
,,,,,,
,,,,,,
,,,,,,
,,,,,,
,,,,,,
cabaret,,,,,,
,,,,,,
,,,,,,
Muslim,,,,,,
,,,,,,
,,,,,,
,,,,,,
,,,,,,
foreign,,,,,,
,,,,,,
lively,,,,,,
,,,,,,
,,,,,,
,,,,,,
mute,,,,,,
,,,,,,
,,,,,,
,,,,,,
,,,,,,
,,,,,,
,,,,,,
,,,,,,
,,,,,,
,,,,,,
,,,,,,
teenage,, adopted],,,,
,,,,,,
,,,,,,
,,,,,,
French,,,,,,
,,,,,,
young,,,,,,
,,,,,,
,,,,,,
,,,,,,
,,,,,,
,,,,,,
,,,,,,
,,,,,,
,,,,,,
,,,,,,
injured,,,,,,
,,,,,,
beautiful,,,,,,
old,,,,,,
greedy,,,,,,
,,,,,,
,,,,,,
young,, vivacious],,,,
,,,,,,
unmarried,,,,,,
,,,,,,
,,,,,,
,,,,,,
young,,,,,,
,,,,,,
,,,,,,
,,,,,,
beautiful,,,,,,
young,,,,,,
,,,,,,
,,,,,,
,,,,,,
,,,,,,
,,,,,,
,,,,,,
,,,,,,
,,,,,,
,,,,,,
,,,,,,
,,,,,,
,,,,,,
pregnant,,,,,,
,,,,,,
,,,,,,
,,,,,,
beautiful,, modern, innocent, kiddish, motherless, playful]
sister,,,,,,
sensible,,,,,,
,,,,,,
,,,,,,
young,,,,,,
,,,,,,
,,,,,,
,,,,,,
,,,,,,
ensuing,,,,,,
,,,,,,
challenged,,,,,,
,,,,,,
,,,,,,
,,,,,,
,,,,,,
simple,,,,,,
,,,,,,
,,,,,,
,,,,,,
,,,,,,
,,,,,,
,,,,,,
hungry,,,,,,
,,,,,,
,,,,,,
,,,,,,
kidnapped,,,,,,
,,,,,,
,,,,,,
,,,,,,
rich,,,,,,
rich,,,,,,
designate,,,,,,
,,,,,,
beautiful,,,,,,
,,,,,,
,,,,,,
,,,,,,
,,,,,,
,,,,,,
,,,,,,
young,,,,,,
,,,,,,
,,,,,,
,,,,,,
young,,,,,,
,,,,,,
,,,,,,
,,,,,,
,,,,,,
,,,,,,
,,,,,,
,,,,,,
,,,,,,
innocent,, Pakistani],,,,
beloved,,,,,,
,,,,,,
,,,,,,
,,,,,,
ordinary,,,,,,
,,,,,,
,,,,,,
,,,,,,
troubled,,,,,,
young,, rural],,,,
,,,,,,
,,,,,,
bindaas,,,,,,
,,,,,,
,,,,,,
,,,,,,
,,,,,,
clad,,,,,,
,,,,,,
,,,,,,
,,,,,,
,,,,,,
,,,,,,
,,,,,,
,,,,,,
,,,,,,
,,,,,,
,,,,,,
,,,,,,
,,,,,,
young,,,,,,
,,,,,,
,,,,,,
,,,,,,
,,,,,,
,,,,,,
,,,,,,
,,,,,,
,,,,,,
,,,,,,
,,,,,,
real,,,,,,
,,,,,,
,,,,,,
second,,,,,,
,,,,,,
,,,,,,
,,,,,,
Maharashtrian,,,,,,
,,,,,,
real,,,,,,
,,,,,,
real,,,,,,
horrible,,,,,,
,,,,,,
,,,,,,
,,,,,,
,,,,,,
,,,,,,
,,,,,,
,,,,,,
Popular,,,,,,
,,,,,,
,,,,,,
scheming,,,,,,
,,,,,,
,,,,,,
,,,,,,
surrogate,,,,,,
,,,,,,
,,,,,,
Tough,,,,,,
illegitimate,,,,,,
,,,,,,
,,,,,,
,,,,,,
,,,,,,
,,,,,,
,,,,,,
,,,,,,
,,,,,,
,,,,,,
,,,,,,
,,,,,,
widowed,,,,,,
,,,,,,
,,,,,,
,,,,,,
,,,,,,
,,,,,,
,,,,,,
manservant,,,,,,
dead,, local],,,,
,,,,,,
,,,,,,
evil,,,,,,
beautiful,,,,,,
,,,,,,
provocative,,,,,,
,,,,,,
,,,,,,
,,,,,,
,,,,,,
beloved,,,,,,
,,,,,,
fiancee,,,,,,
rich,,,,,,
real,,,,,,
,,,,,,
stylish,,,,,,
,,,,,,
,,,,,,
,,,,,,
,,,,,,
attractive,, interior],,,,
,,,,,,
,,,,,,
,,,,,,
,,,,,,
,,,,,,
,,,,,,
elder,,,,,,
,,,,,,
,,,,,,
,,,,,,
,,,,,,
,,,,,,
,,,,,,
,,,,,,
,,,,,,
,,,,,,
,,,,,,
,,,,,,
,,,,,,
,,,,,,
,,,,,,
,,,,,,
,,,,,,
,,,,,,
,,,,,,
,,,,,,
young,,,,,,
,,,,,,
,,,,,,
,,,,,,
,,,,,,
,,,,,,
,,,,,,
,,,,,,
,,,,,,
,,,,,,
,,,,,,
unstable,,,,,,
,,,,,,
,,,,,,
beautiful,,,,,,
Canadian,,,,,,
elder,,,,,,
,,,,,,
,,,,,,
,,,,,,
challenged,,,,,,
,,,,,,
reputation.Fatigued,,,,,,
,,,,,,
,,,,,,
,,,,,,
real,,,,,,
fake,, real],,,,
,,,,,,
,,,,,,
,,,,,,
,,,,,,
,,,,,,
,,,,,,
frantic,,,,,,
,,,,,,
,,,,,,
,,,,,,
abusive,,,,,,
young,,,,,,
,,,,,,
young,,,,,,
,,,,,,
studious,, quiet],,,,
,,,,,,
,,,,,,
single,,,,,,
,,,,,,
,,,,,,
,,,,,,
,,,,,,
young,,,,,,
,,,,,,
,,,,,,
opinionated,,,,,,
,,,,,,
,,,,,,
,,,,,,
,,,,,,
,,,,,,
,,,,,,
,,,,,,
,,,,,,
,,,,,,
spoilt,,,,,,
,,,,,,
,,,,,,
,,,,,,
,,,,,,
,,,,,,
,,,,,,
,,,,,,
,,,,,,
,,,,,,
,,,,,,
,,,,,,
little,,,,,,
young,,,,,,
,,,,,,
young,,,,,,
,,,,,,
,,,,,,
widowed,,,,,,
,,,,,,
,,,,,,
,,,,,,
,,,,,,
,,,,,,
,,,,,,
,,,,,,
,,,,,,
,,,,,,
beloved,,,,,,
beautiful,, blind],,,,
beloved,,,,,,
widowed,,,,,,
adopted,,,,,,
mad,,,,,,
,,,,,,
,,,,,,
temperamental,,,,,,
,,,,,,
,,,,,,
local,,,,,,
,,,,,,
,,,,,,
,,,,,,
,,,,,,
,,,,,,
,,,,,,
,,,,,,
,,,,,,
,,,,,,
,,,,,,
,,,,,,
elder,,,,,,
,,,,,,
,,,,,,
,,,,,,
twin,,,,,,
,,,,,,
,,,,,,
,,,,,,
,,,,,,
,,,,,,
,,,,,,
,,,,,,
,,,,,,
,,,,,,
,,,,,,
,,,,,,
,,,,,,
,,,,,,
young,, smart],,,,
,,,,,,
,,,,,,
,,,,,,
flat,,,,,,
,,,,,,
,,,,,,
,,,,,,
,,,,,,
,,,,,,
,,,,,,
,,,,,,
,,,,,,
,,,,,,
young,,,,,,
sister,,,,,,
,,,,,,
,,,,,,
,,,,,,
,,,,,,
,,,,,,
real,,,,,,
,,,,,,
beautiful,, captivating],,,,
,,,,,,
,,,,,,
,,,,,,
widowed,,,,,,
,,,,,,
,,,,,,
,,,,,,
,,,,,,
,,,,,,
,,,,,,
,,,,,,
,,,,,,
Indian,,,,,,
young,,,,,,
,,,,,,
,,,,,,
,,,,,,
,,,,,,
,,,,,,
,,,,,,
,,,,,,
,,,,,,
,,,,,,
,,,,,,
long,,,,,,
beautiful,,,,,,
